{"aid_651744_data.csv": {"num_activated": 3109, "percent_not_zeros": 0.022797261946662668, "num_features": 4096, "percent_activated": 0.57403988183161, "num_not_zeros": 505733, "num_candidates": 5416}, "aid_651739_data.csv": {"num_activated": 4051, "percent_not_zeros": 0.022823130128905522, "num_features": 4096, "percent_activated": 0.7533940859215176, "num_not_zeros": 502661, "num_candidates": 5377}, "aid_652065_data.csv": {"num_activated": 2969, "percent_not_zeros": 0.017064666927266856, "num_features": 4096, "percent_activated": 0.6974395113929998, "num_not_zeros": 297551, "num_candidates": 4257}, "aid_488917_data.csv": {"num_activated": 4283, "percent_not_zeros": 0.01346894985171885, "num_features": 4096, "percent_activated": 0.6912524209167205, "num_not_zeros": 341826, "num_candidates": 6196}, "aid_488918_data.csv": {"num_activated": 3691, "percent_not_zeros": 0.01346894985171885, "num_features": 4096, "percent_activated": 0.5957069076823758, "num_not_zeros": 341826, "num_candidates": 6196}, "aid_1851_3a4_data.csv": {"num_activated": 5265, "percent_not_zeros": 0.01455013126033972, "num_features": 4096, "percent_activated": 0.4051246537396122, "num_not_zeros": 774527, "num_candidates": 12996}, "total_nonzero": 8836956.0, "aid_463213_data.csv": {"num_activated": 4140, "percent_not_zeros": 0.014945842161016949, "num_features": 4096, "percent_activated": 0.5613559322033899, "num_not_zeros": 451484, "num_candidates": 7375}, "aid_492992_data.csv": {"num_activated": 2097, "percent_not_zeros": 0.016230113239144802, "num_features": 4096, "percent_activated": 0.4264795607077486, "num_not_zeros": 326875, "num_candidates": 4917}, "total_activated": 69829.0, "aid_488915_data.csv": {"num_activated": 3568, "percent_not_zeros": 0.01346894985171885, "num_features": 4096, "percent_activated": 0.5758553905745643, "num_not_zeros": 341826, "num_candidates": 6196}, "aid_2358_data.csv": {"num_activated": 1007, "percent_not_zeros": 0.01735571088123714, "num_features": 4096, "percent_activated": 0.5180041152263375, "num_not_zeros": 138197, "num_candidates": 1944}, "total_examples": 140663.0, "aid_1851_2c19_data.csv": {"num_activated": 5905, "percent_not_zeros": 0.014645018876619991, "num_features": 4096, "percent_activated": 0.439818263071652, "num_not_zeros": 805372, "num_candidates": 13426}, "aid_1815_data.csv": {"num_activated": 443, "percent_not_zeros": 0.012404923900174477, "num_features": 4096, "percent_activated": 0.44167497507477566, "num_not_zeros": 50963, "num_candidates": 1003}, "aid_1851_2d6_data.csv": {"num_activated": 2769, "percent_not_zeros": 0.014586905980118747, "num_features": 4096, "percent_activated": 0.1992803166606693, "num_not_zeros": 830198, "num_candidates": 13895}, "aid_1851_2c9_data.csv": {"num_activated": 4109, "percent_not_zeros": 0.014595685686383928, "num_features": 4096, "percent_activated": 0.3190217391304348, "num_not_zeros": 770017, "num_candidates": 12880}, "aid_463215_data.csv": {"num_activated": 2941, "percent_not_zeros": 0.01456154534485548, "num_features": 4096, "percent_activated": 0.6343830888697153, "num_not_zeros": 276510, "num_candidates": 4636}, "aid_488912_data.csv": {"num_activated": 2491, "percent_not_zeros": 0.01346894985171885, "num_features": 4096, "percent_activated": 0.40203357004519047, "num_not_zeros": 341826, "num_candidates": 6196}, "aid_1851_1a2_data.csv": {"num_activated": 5997, "percent_not_zeros": 0.014579979273681825, "num_features": 4096, "percent_activated": 0.4530140504607947, "num_not_zeros": 790568, "num_candidates": 13238}, "average_activated": 0.49642763199988627, "average_nonzero": 0.01533779288752195, "aid_1915_data.csv": {"num_activated": 2220, "percent_not_zeros": 0.01596266375598548, "num_features": 4096, "percent_activated": 0.6858202038924931, "num_not_zeros": 211645, "num_candidates": 3237}, "aid_624504_data.csv": {"num_activated": 3944, "percent_not_zeros": 0.015304468548487103, "num_features": 4096, "percent_activated": 0.7825396825396825, "num_not_zeros": 315943, "num_candidates": 5040}, "aid_504607_data.csv": {"num_activated": 4830, "percent_not_zeros": 0.016482347404677987, "num_features": 4096, "percent_activated": 0.7737904517782762, "num_not_zeros": 421408, "num_candidates": 6242}}